{
  "categories": [
    { "id": "maroc_channels", "name": "القنوات المغربية" },
    { "id": "sports", "name": "قنوات رياضية" }
  ],
  "channels": [
    { "category": "maroc_channels", "name": "Al Aoula HD", "logo": "maroc/1m.png", "url": "http://example.com/live1.m3u8" },
    { "category": "maroc_channels", "name": "2M Maroc", "logo": "maroc/2m.png", "url": "http://185.223.214.11/live/play/TlZJdmMzVXlZM1ZqYkhWaVZrdHlLMjFWZG1kSVRHeHhVMFl4UnpCYU0yMUxTSHBhZVZKRmVFZHVjejA9/8192" },
    { "category": "maroc_channels", "name": "Arryadia HD", "logo": "maroc/3m.png", "url": "https://example.com/arryadia" },
    { "category": "maroc_channels", "name": "Athaqafia HD", "logo": "maroc/4m.png", "url": "https://example.com/athaqafia" },
    { "category": "maroc_channels", "name": "Al Maghribia HD", "logo": "maroc/5m.png", "url": "https://example.com/al-maghribia" },
    { "category": "maroc_channels", "name": "Assadissa HD", "logo": "maroc/6m.png", "url": "https://example.com/assadissa" },
    { "category": "maroc_channels", "name": "Aflam TV HD", "logo": "maroc/aflam.png", "url": "https://example.com/aflam" },
    { "category": "maroc_channels", "name": "Tamazight TV", "logo": "maroc/8m.png", "url": "https://example.com/tamazight" },
    { "category": "maroc_channels", "name": "Laâyoune TV HD", "logo": "maroc/Laayoune.png", "url": "https://example.com/laayoune" },
    { "category": "maroc_channels", "name": "Medi 1 TV HD", "logo": "maroc/medi1.png", "url": "https://example.com/medi1" },
    { "category": "maroc_channels", "name": "M24 Maroc HD", "logo": "maroc/m24.png", "url": "https://example.com/m24" },
    { "category": "maroc_channels", "name": "Télé Maroc HD", "logo": "maroc/telemaroc.png", "url": "https://example.com/telemaroc" },
    { "category": "maroc_channels", "name": "Chada TV HD", "logo": "maroc/chada.png", "url": "https://example.com/chada" },
    { "category": "maroc_channels", "name": "MBC 5 HD", "logo": "maroc/mbc5.png", "url": "https://shd-gcp-live.edgenextcdn.net/live/bitmovin-mbc-5/ee6b000cee0629411b666ab26cb13e9b/manifest/video/1080p2400kbps/video.m3u8" },
    { "category": "maroc_channels", "name": "Arryadia TNT HD", "logo": "maroc/3m.png", "url": "https://example.com/arryadia-tnt" },
    { "category": "maroc_channels", "name": "Arryadia SD", "logo": "maroc/3m.png", "url": "https://example.com/arryadia-sd" }
  ],
  "matches": [
    {
      "team1": "الوداد الرياضي",
      "team2": "الرجاء الرياضي",
      "time": "18:00",
      "league": "الدوري المغربي"
    }
  ]
}
